{"0.963795711391453":{"user_id":1},"0.6597009379378176":{"user_id":1},"0.342961149197184":{"user_id":1},"0.06596463041800904":{"user_id":1},"0.27853575448811396":{"user_id":1},"0.404603541582506":{"user_id":1},"0.8228022631986553":{"user_id":1}}